competitor,n_used,in_sample_R2,in_sample_RMSE,cv_R2_mean,cv_R2_sd,cv_RMSE_mean,cv_RMSE_sd
Baseline: raw AAA wRC+,486,0.0721733580361843,19.768677177862646,0.06137571058469475,0.003530585309325987,19.883338989397892,0.037380279542294316
Translation Score (season-adj skills + age at debut),486,0.08678968152092403,19.61234819348226,0.05994008300730732,0.00632924497852616,19.898461320779354,0.06700804466356347
Purified Score (drops BABIP),486,0.08635658607138441,19.616998278867563,0.06475430888657671,0.006660755825242823,19.84743094639539,0.0706103286157796
Translation Score + wRC+,486,0.1000463856785131,19.469475535974954,0.06867184084244796,0.005946359305666843,19.80584349337024,0.06324539649228801
